id,name,dob,country
1717,John Urena,1994-12-11,CHN
5754,Constance Herrington,1994-06-01,BRZ
208,Roy Primm,1996-10-12,US
3748,Glenn Mccune,1980-03-05,UK
4544,Carl Claus,1980-12-10,US
6058,Kevin Waring,1985-02-20,US
594,Jesse Romine,1995-03-03,US
1158,Earl Nalley,1984-05-29,BRZ
1156,Alma Ahlers,1993-10-06,BRZ
9741,Sherri Tedesco,1999-08-23,UK
6263,Charles Loos,1985-07-18,UK
3961,Adam Spicer,1985-10-17,BRZ
1078,John Roos,1998-07-12,US
7483,Jennifer Sthilaire,1985-09-29,AU
2290,Alice Caine,1980-04-27,AU
7836,Tonya Aleman,1981-03-16,AU
1595,Charles Wilhelm,1998-07-30,US
7546,Molly Palm,1991-09-24,US
1099,Peter Derr,1990-02-15,AU
5658,Albert Luster,1989-05-01,BRZ
8723,Carlos Clyburn,1995-05-05,CHN
3836,Anita Cantu,1981-10-01,US
645,Louis Arana,1996-12-06,CHN
3356,Ernest Stetson,1983-02-26,CHN
9794,Kathleen Potter,1989-04-08,BRZ
1631,Caroline Dunlap,1986-06-13,US
9758,Bruce Mcwhorter,1993-03-19,AU
4514,Ana Fouts,1997-01-11,US
2807,Vincent Pena,1981-05-29,AU
5000,Tamara Duque,1995-10-21,CHN
8111,Daisy Farina,1981-06-05,BRZ
6971,Myra Blaine,1980-04-04,AU
2923,Edward Shoup,1987-12-25,BRZ
5677,Sylvia Sites,1987-09-08,AU
3880,Harry Middaugh,1992-01-30,AU
7439,Johnny Glover,1987-11-16,AU
2260,Adrienne Seeger,1981-03-25,AU
8410,Ruth Lovelace,1992-05-01,UK
9125,Vicki Jaimes,1999-12-15,CHN
4962,Jack Rutter,1996-09-01,CHN
3325,Jonathan Mundy,1999-01-25,BRZ
8862,David Blessing,1989-11-11,CHN
7023,Joshua Sappington,1990-06-03,US
7084,Alberta Dwyer,1986-02-24,US
1308,Steve Stapleton,1997-12-03,US
9515,Manuel Brunet,1996-08-27,AU
6111,Marjorie Alden,1980-04-01,UK
7925,Jacob Tunstall,1993-06-19,BRZ
4250,Phillip Allain,1996-07-24,CHN
2269,Olivia Cimino,1993-02-15,US
3351,Willie Miracle,1988-05-17,BRZ
4705,Michael Alberts,1986-06-16,CHN
4936,Jimmy Magill,1989-11-30,US
4053,Adam Driskell,1989-06-23,BRZ
4373,Sheila Ussery,1986-07-29,US
6794,Luz Fleischer,1999-09-29,US
9774,Terri Sappington,1989-12-25,BRZ
1072,Melissa Oconnell,1980-12-07,UK
113,Evelyn Mondragon,1989-02-03,BRZ
7364,Ralph Eng,1987-11-13,AU
5331,Mae Huang,1995-08-21,UK
4917,Janet Arevalo,1988-05-14,US
8337,Antonio Hannan,1993-09-22,UK
4575,Gregory Light,1982-12-10,US
6155,Curtis Kozlowski,1982-06-02,BRZ
8643,Jodi Nowicki,1981-04-08,UK
8689,Robert Bechtel,1989-12-31,BRZ
957,Ellen Cathcart,1998-02-06,CHN
6381,Vivian Distefano,1998-08-10,UK
1651,Bruce Dufrene,1989-01-25,BRZ
3957,Charles Winstead,1982-09-13,AU
8157,Eleanor Doak,1999-07-08,UK
9208,Martha Mckoy,1993-10-16,AU
4407,Norma Cummins,1996-06-16,CHN
1472,Laura Clarkson,1991-07-21,US
4108,Louis Penland,1999-02-27,US
4741,Edward Arndt,1987-03-11,US
4143,Justin Potter,1989-07-31,AU
9249,Ernest Dunlop,1980-08-24,UK
4865,Mark Markel,1984-03-04,US
3149,Victor Prince,1998-01-29,UK
4296,Pamela Gillett,1982-06-22,CHN
5391,Randy Albers,1993-11-07,AU
8434,Alberta Akin,1999-07-03,BRZ
3444,Albert Skiles,1980-12-13,UK
7081,Kayla March,1991-04-30,US
1589,Beatrice Lew,1989-07-22,AU
6883,Harry Osterman,1984-02-16,AU
182,Jacob Kellar,1997-06-30,AU
2248,Joe Alderman,1994-11-02,CHN
9345,Carlos Reiss,1992-08-03,CHN
8667,Melody Stricklin,1999-11-15,BRZ
4469,Wanda Walker,1993-02-11,UK
2270,Minnie Cassell,1988-07-21,CHN
445,Nicole Paschal,1980-09-22,CHN
2493,Lynda Wingfield,1983-04-18,UK
7668,Jeremy Yates,1996-07-04,UK
5814,Patrick Polston,1985-11-08,AU
2538,Elaine Reagan,1995-04-11,UK
9156,Richard Monzon,1997-05-24,CHN
9678,Cassandra Whisenant,1980-09-09,BRZ
4901,Samuel Dement,1986-05-05,UK
4302,Jodi Ambriz,1993-12-08,AU
2580,David Blaisdell,1993-01-28,CHN
6282,Alice Bach,1998-04-05,CHN
6152,Carole Dowdell,1986-06-16,BRZ
7708,Eleanor Isenberg,1988-03-14,AU
8807,Misty Poe,1980-09-05,BRZ
6439,Charles Distefano,1983-04-17,CHN
9026,Benjamin Jung,1996-09-07,AU
5552,Annie Luker,1986-11-28,US
3362,Justin Elias,1991-03-31,CHN
7320,Wayne Hodge,1980-02-28,BRZ
8010,Sally Beeler,1997-12-29,CHN
3802,Donald Gregor,1980-01-31,AU
2350,Jimmy Timmons,1984-06-25,AU
3843,Paul Wieland,1989-10-30,UK
3087,Margarita Leigh,1986-08-10,US
545,Louis Gaskins,1993-07-02,BRZ
538,Rosemary Muhammad,1981-07-26,UK
3790,Cecilia Deaver,1990-04-29,AU
6234,Harold Woolsey,1982-07-21,UK
1966,Vickie Yuen,1991-07-15,AU
7345,Genevieve Ventura,1990-05-25,CHN
4683,Sheila Camarillo,1985-02-15,CHN
54,Shelley Dunson,1990-03-29,CHN
9793,Josephine Boudreau,1987-02-24,AU
4449,Mark Mckinzie,1996-04-13,AU
9785,Edward Bach,1981-02-05,US
8080,Janet Mccutcheon,1999-12-30,US
2707,Jacob Felipe,1980-11-28,CHN
10010,Christopher Clair,1994-02-25,US
4850,Wanda Gosselin,1986-02-20,AU
5787,Roger Labelle,1985-09-25,US
1967,Steven Koon,1990-03-23,UK
1782,Steve Goldsmith,1997-11-30,AU
7202,Emily Dortch,1993-04-23,US
6359,Craig Zeringue,1980-03-17,US
9635,Fred Mcallister,1986-10-14,BRZ
710,Jeremy Johanson,1999-10-16,AU
962,Justin Testa,1990-09-17,AU
1107,Harry Aycock,1980-05-31,US
489,Margie Seitz,1985-09-06,CHN
5152,Albert Law,1993-01-03,US
2873,Adam Embry,1994-12-13,BRZ
6174,Gerald Jeffrey,1986-08-01,UK
8629,Anita Benn,1992-11-07,US
7640,Lois Lampe,1993-01-08,UK
1048,Jesse Mcginley,1981-05-21,AU
1147,Erika Hutto,1998-11-24,UK
9805,Jenny Smedley,1999-03-25,BRZ
9076,Nicholas Denson,1987-02-27,UK
9823,George Miley,1981-08-23,US
4570,Justin Coffee,1992-06-22,CHN
3077,Jimmy Brill,1998-09-21,CHN
10063,Johnny Bower,1983-12-08,AU
9206,George Gerald,1995-11-14,US
5222,Russell Carillo,1988-04-15,AU
9310,Jeremy Durrett,1998-03-19,BRZ
463,Bryan Marvin,1997-11-25,BRZ
6512,Brandy Willman,1983-03-08,US
1297,Virginia Mceachern,1982-10-27,CHN
4089,Steven Dewitt,1986-11-29,CHN
21,Michael Farrell,1999-04-06,CHN
3816,Bryan Kissinger,1987-11-30,AU
2107,Nicholas Calderon,1981-08-24,BRZ
1410,Russell Cottle,1995-09-24,CHN
8939,Janie Senn,1993-06-22,BRZ
9312,Maggie Froehlich,1980-01-24,CHN
9333,Celia Pursley,1984-11-28,BRZ
3453,Luis Steffen,1997-05-24,CHN
4409,Charles Winkler,1992-08-28,CHN
932,Raymond Kuhns,1982-12-22,BRZ
8666,Antonio Kyser,1987-07-21,AU
1491,Daisy Soucy,1980-09-02,AU
9674,Jacqueline Alsup,1996-07-24,UK
487,Rhonda Rooney,1994-09-30,US
4560,Douglas Salinas,1988-11-14,BRZ
1840,Kimberly Hulett,1986-07-26,CHN
1722,Gary Mashburn,1989-10-30,UK
3751,Juana Heredia,1999-12-26,UK
8470,Keith Jernigan,1984-07-23,BRZ
6735,Stanley Jaeger,1995-02-24,UK
6105,Kevin Pfeifer,1995-09-25,US
8663,Deborah Mcclellan,1992-01-01,CHN
1938,Joe Marx,1998-01-04,US
4264,Kathryn Butterfield,1989-08-20,CHN
5842,Willie Partida,1982-08-26,US
1813,Juan Sisson,1980-08-18,BRZ
3482,Marvin Kellogg,1980-02-20,CHN
8164,Earl Kirchner,1994-08-29,BRZ
7369,Wayne Haugh,1980-01-10,US
6394,Misty Leggett,1992-04-26,CHN
2321,Michael Hatley,1993-04-18,BRZ
1247,Allison Guarino,1999-09-14,BRZ
224,Carolyn Costello,1991-03-28,US
7482,Sandra Penn,1999-01-07,BRZ
4492,Eleanor Lew,1991-07-28,US
5563,Victor Pinkard,1990-07-31,AU
9804,Joanna Heisler,1998-02-06,US
5119,Craig Moorehead,1990-12-11,US
8612,Gerald Bobbitt,1982-04-11,CHN
9285,Jane Richey,1990-01-31,AU
2767,Chad Weston,1998-12-17,CHN
6605,Bobby Newland,1985-06-22,BRZ
3335,Norman Blackstock,1982-04-30,CHN
3440,Shelly Lunt,1986-06-11,BRZ
7846,Bobby Dillon,1998-12-23,CHN
3704,Jeffery Sites,1996-11-20,US
3559,Stephen Leatherman,1997-09-21,AU
8817,Deanna Barrett,1984-01-31,US
9556,Stephen Drummond,1997-11-24,US
6653,Latoya Delrosario,1994-12-11,CHN
8691,Elaine Weems,1986-05-09,UK
2737,Lisa Lodge,1994-05-10,US
8888,Carla Mann,1989-11-25,UK
2718,Allen Loper,1982-08-17,AU
3107,Ralph Hite,1989-11-26,US
1,William Damico,1992-06-01,BRZ
8975,Marsha Hassell,1990-01-24,AU
4966,Roger Coon,1992-08-31,AU
7196,Luis Velasquez,1983-01-08,US
7626,Donald Nightingale,1985-07-18,US
6863,Teresa Pyles,1998-06-21,UK
1988,Roger Blakey,1994-04-27,AU
8633,Alan Elliott,1980-09-24,US
7287,Thomas Elias,1989-07-19,BRZ
9594,Jeremy Bourgeois,1986-10-31,AU
9410,Glenn Tejeda,1986-09-16,BRZ
4816,Gerald Orth,1992-12-05,CHN
7958,Chad Dominick,1992-08-24,AU
9060,George Lindsey,1980-05-16,CHN
7754,Marlene Ashby,1986-09-20,US
4111,Cecilia Breeding,1999-10-26,UK
572,Charles Garner,1989-12-08,US
6432,Sherri Liles,1999-04-30,AU
9118,Jesse Adrian,1994-06-05,UK
1955,Jo Fogarty,1990-07-15,UK
1511,Arthur Paulk,1990-03-13,BRZ
7703,Jessica Guardado,1991-07-25,UK
1278,Constance Mclaren,1998-01-15,AU
1800,Natalie Lightfoot,1992-01-29,US
6290,Patsy Cockrell,1992-08-18,CHN
9045,Olga Kim,1981-10-20,CHN
9202,Billy Massengale,1999-10-22,BRZ
5524,Emily Almaraz,1986-01-06,US
902,Steven Derrick,1985-05-30,AU
9223,Marianne Carnes,1987-07-17,BRZ
7145,Clarence Sales,1984-12-07,UK
3776,William Mariano,1985-07-16,US
8348,Billy Swenson,1994-04-11,CHN
7637,Christy Klotz,1997-08-14,UK
7107,Alberta Nyberg,1998-12-30,US
5320,Leah Scoggins,1983-01-23,BRZ
9260,Christopher Halliday,1987-11-21,US
9210,Bobby Pooler,1987-09-15,US
5953,Philip Horning,1983-12-16,CHN
837,Karen Radcliffe,1999-10-08,CHN
1220,Dale Mackie,1997-12-28,BRZ
8040,Aaron Newton,1981-01-05,US
1759,Michele Peraza,1985-08-15,US
2005,Leah Headrick,1997-06-13,US
7643,Becky Urias,1998-11-11,BRZ
4067,Vincent Krause,1983-10-23,UK
5778,Christopher Rollo,1987-12-14,BRZ
1805,Steve Fite,1994-12-19,BRZ
9521,Marsha Cancel,1985-08-22,UK
8628,Sabrina Emerick,1981-11-28,US
928,Victor Edmunds,1997-04-21,AU
6182,Pearl Pulliam,1988-01-10,BRZ
9952,Daisy Ferguson,1997-04-13,AU
8065,Keith Burrus,1985-07-30,CHN
221,Kathleen Warnock,1987-10-22,CHN
279,Mamie Magnuson,1988-11-21,AU
7379,Matthew Koons,1983-11-24,BRZ
2359,Kathleen Cranford,1983-06-10,CHN
46,Howard Lott,1982-02-20,US
3821,Tina Stollings,1996-08-10,BRZ
3155,Michele Chouinard,1984-03-25,CHN
77,Krista Armentrout,1984-05-24,BRZ
147,Rachel Doherty,1982-08-05,UK
554,Sue Meeks,1994-06-23,BRZ
7501,Caroline Brooker,1985-01-01,AU
3111,Willie Markle,1994-05-30,CHN
6650,Billy Butz,1996-10-20,CHN
8822,Todd Duffey,1996-06-29,UK
7615,Bobby Teague,1993-06-25,US
9423,Carlos Bates,1997-08-08,BRZ
3992,Joe Manzanares,1985-09-17,US
6472,Penny Mounts,1986-07-02,AU
5565,Vivian Rabideau,1980-06-06,CHN
6236,Josephine Victoria,1994-09-13,AU
6781,Kristi Gann,1986-10-22,UK
593,Bonnie Sevigny,1984-05-17,UK
4759,Anthony Milburn,1983-10-06,CHN
6135,Angie Merryman,1997-03-27,BRZ
1833,Clara Dulaney,1997-12-31,US
8391,Shelly Osteen,1982-04-21,BRZ
1219,Rita Harriman,1988-02-12,US
8929,Justin Rigby,1986-04-02,AU
6927,Deborah Bewley,1994-12-25,US
47,Louis Albright,1992-06-05,US
2958,Marjorie Hamlin,1981-03-04,CHN
885,Phillip Cornett,1986-11-20,AU
8492,Cecilia Deel,1995-01-17,BRZ
101,Gary Crow,1982-12-01,BRZ
9783,Shawn Conde,1990-06-21,UK
4791,Samuel Mackenzie,1987-01-15,CHN
3593,Bobby Mcnulty,1984-12-10,AU
4674,Minnie Grigg,1987-02-26,AU
8468,Kevin Lay,1999-12-07,UK
3725,Brandon Dishman,1994-01-17,US
8419,Keith Poulos,1983-12-13,BRZ
4431,Lorraine Thrasher,1998-08-22,UK
985,Frank Jessie,1985-12-01,AU
5100,Kristy Rivas,1996-12-04,CHN
1691,Kevin Austin,1980-08-16,UK
5992,Eileen Escobedo,1998-01-05,UK
3894,Belinda Goodman,1980-06-06,CHN
7125,Earl Goins,1989-10-09,US
6784,Beth Owings,1988-01-04,AU
6386,Jonathan Vanbuskirk,1990-08-19,UK
4609,Victor Hartsfield,1982-12-27,AU
9148,Vivian Quigley,1990-02-06,BRZ
9941,Myrtle South,1987-01-06,BRZ
5610,Terri Haire,1989-10-26,BRZ
3614,Daniel Amundson,1986-05-26,US
6200,Lydia Renfroe,1998-07-12,US
4007,Eunice Tinney,1982-09-29,BRZ
3481,Blanca Irby,1985-01-20,BRZ
3247,Raymond Schaffer,1980-03-17,UK
989,Philip Free,1996-12-19,UK
2800,Shawn Millican,1989-09-11,CHN
2603,Pearl Lanza,1982-08-23,US
1951,Debbie Stanger,1981-03-22,CHN
3041,Larry Olander,1980-11-17,US
6662,Manuel Ferraro,1991-02-12,CHN
7306,Melody Zucker,1982-02-01,UK
6460,Debbie Epps,1997-08-22,BRZ
6243,Vivian Fournier,1986-03-01,CHN
10084,Misty Altman,1994-03-07,BRZ
1359,Heather Stuart,1996-10-06,CHN
3472,Vivian Breedlove,1984-04-12,BRZ
6544,Billy Charette,1980-12-10,CHN
3497,Ada Spruill,1991-07-03,CHN
8851,Alan Schlueter,1991-02-20,BRZ
1980,Donna Rotz,1998-10-11,AU
4234,Michael Lepage,1997-10-03,CHN
4078,Edward Hauser,1995-08-10,AU
4230,Martin Wilbanks,1983-02-18,US
5779,Krista Curley,1995-08-02,CHN
4504,Michael Folsom,1987-03-07,BRZ
8431,Robyn Boyette,1997-05-17,AU
7681,Florence Snodgrass,1999-07-23,BRZ
4513,Brandon Brazil,1994-02-17,AU
7465,Dorothy Bostick,1986-01-12,CHN
924,Brian Freitag,1995-01-19,CHN
3401,Thomas Penney,1992-02-01,BRZ
2697,Raymond Tse,1990-12-27,AU
2205,Geraldine Braswell,1995-01-30,US
2649,Jeanne Mick,1984-09-15,CHN
496,Debra Flory,1986-12-25,BRZ
8650,Josephine Lunt,1983-09-22,BRZ
6296,Nathan Eakin,1980-02-27,AU
6949,Harry Medlin,1996-12-26,AU
1807,Earl Garland,1990-07-09,CHN
3909,Pam Fouts,1987-07-14,US
1054,Donald Keating,1990-10-03,US
661,Anthony Creighton,1995-09-25,CHN
6921,Sonia Gebhart,1997-10-15,US
7971,Antoinette Wayland,1989-02-04,CHN
909,Jeanne Claxton,1998-10-21,BRZ
3658,Isabel Cyrus,1985-09-20,CHN
4272,Sheri Cornwell,1998-05-27,BRZ
3251,Katrina Lomeli,1991-07-20,BRZ
9448,Nellie Johnston,1983-07-22,CHN
8574,Ethel Robbins,1986-01-11,CHN
5818,Daisy Aguilera,1992-08-27,BRZ
1108,Janice Bethel,1987-08-09,UK
7427,Candace Whipple,1995-04-08,US
8945,Sherri Roldan,1987-05-20,AU
8753,Samuel Albertson,1991-04-13,AU
1963,Luis Hilliard,1992-05-03,AU
6923,Lori Blank,1990-06-06,UK
3456,Christina Stribling,1999-12-26,AU
6849,Evelyn Waugh,1997-11-25,AU
879,Laurie Toomey,1995-03-28,AU
4138,Joann Sneed,1999-06-03,BRZ
9879,Robert Champagne,1982-05-04,UK
8381,Charlotte Dowling,1998-09-24,UK
5178,Kay Weiser,1994-06-05,CHN
9706,Karen Mcnally,1991-01-27,AU
8943,Roy Gilreath,1994-08-07,BRZ
8179,Nellie Fahey,1984-10-21,CHN
6973,Larry Mosqueda,1994-06-14,CHN
5577,Jeremy Durant,1998-04-23,BRZ
292,Josephine Clemmer,1982-06-23,US
7133,Tiffany Priddy,1986-04-17,AU
2060,Susan Stacy,1989-02-16,BRZ
8289,Daniel Woolery,1994-09-18,AU
7729,Margaret Mcmullin,1990-12-18,AU
5248,Rita Siegel,1997-01-17,AU
7606,Cindy Wampler,1985-02-05,BRZ
2945,Shelley Beltran,1986-06-15,AU
3792,Antonio Pound,1995-10-07,CHN
9947,Craig Brehm,1982-10-25,AU
4355,Wayne Mears,1983-02-09,UK
436,Cora Pagan,1995-09-03,CHN
767,Allison Hearn,1984-02-28,CHN
3143,Nicholas Isaac,1983-09-05,BRZ
6772,Diane Sherman,1996-08-13,CHN
7296,Benjamin Dorr,1989-01-15,BRZ
9093,John Corbitt,1984-08-25,BRZ
3395,Albert Venegas,1993-04-16,CHN
2449,Rodney Vetter,1990-04-16,CHN
7528,Randy Romano,1989-08-12,AU
3714,Jose Pena,1982-07-15,UK
10042,Anne Berrios,1985-12-23,UK
9130,Henry Sampson,1988-12-29,CHN
9328,Lisa Mcauley,1990-04-14,CHN
1008,Sarah Crone,1994-01-10,CHN
1430,Philip Delaney,1990-02-17,UK
7479,Angela Gosnell,1980-01-27,US
9132,Constance Gilstrap,1990-03-15,US
7599,Rhonda Schulman,1997-09-10,UK
306,Richard Goldman,1997-09-05,US
615,Roger Laws,1990-11-30,BRZ
1600,Danielle Torres,1984-06-06,BRZ
2233,Kevin Pegram,1995-07-24,CHN
8658,Keith Gillett,1998-11-05,BRZ
9293,Hannah Woolfolk,1987-09-23,CHN
9439,Jo Cason,1988-08-21,UK
8464,Marjorie Shears,1987-11-06,CHN
1340,Dolores Blizzard,1989-09-10,BRZ
5305,Vincent Frye,1992-03-30,AU
5377,Nathan Angel,1997-03-17,US
4139,Tara Work,1991-05-04,UK
3703,Sean Hanks,1998-12-13,UK
3004,Joseph Crisp,1983-02-11,CHN
6068,Jason Harms,1993-08-05,AU
6414,Alan Clow,1993-08-31,AU
4563,Walter Howerton,1987-01-31,AU
1694,Minnie Pifer,1996-11-26,US
633,Benjamin Stickney,1997-11-18,UK
7095,Bryan Fernandez,1999-05-26,AU
7068,Justin Avalos,1997-10-31,AU
6489,Tony Oaks,1985-01-01,UK
4439,Howard Humble,1984-07-12,CHN
4634,Stephen Dinkins,1981-04-24,BRZ
3393,Robert Kepler,1997-03-26,BRZ
4675,Catherine Harris,1988-10-14,AU
7541,Stephen Bechtold,1999-11-06,US
9492,Carl Lamont,1989-10-26,US
8581,Nicholas Dodge,1989-01-24,AU
9279,Kevin Mixon,1980-09-30,UK
7002,Sheri Rey,1989-08-22,AU
5671,Caroline Eckert,1998-11-02,UK
8180,Tiffany Schwartz,1994-01-06,US
3045,Louis Begin,1988-03-11,UK
4714,Vincent Guadalupe,1991-10-27,AU
2112,Charlotte Bailey,1988-01-24,AU
8309,Deanna Hope,1986-08-05,US
5226,Walter Mcneese,1987-06-20,AU
9716,Michele Haller,1989-12-19,BRZ
3904,Leonard Schubert,1997-05-07,CHN
7993,Marcia Dukes,1993-02-08,UK
934,Juanita Carley,1988-05-29,US
199,Laura Placencia,1992-03-05,BRZ
550,Jonathan Wellington,1985-11-13,CHN
2820,Kathleen Rutledge,1992-05-11,CHN
2666,Chad Luce,1990-08-05,AU
9825,Timothy Ordonez,1993-06-30,UK
2621,Juan Nussbaum,1987-09-22,US
3322,Joe Mccormack,1995-03-02,UK
5442,Samuel Dail,1996-12-29,CHN
5232,Delores Spurlock,1992-07-16,BRZ
4106,Howard Cribb,1984-11-10,CHN
8675,Marguerite Corriveau,1997-08-27,US
8986,Melissa Thibault,1981-02-05,UK
855,Roy Gatlin,1988-12-13,UK
2741,Thomas Silvey,1994-06-25,AU
9010,Bonnie Boykin,1985-12-14,US
4034,Janice Sacco,1981-06-11,CHN
4281,Gerald Hardwick,1981-05-28,CHN
804,Shawn Welch,1996-12-16,US
4550,Raymond Krouse,1986-12-11,US
3720,Helen Sthilaire,1982-10-17,US
95,Harold Wakefield,1993-05-11,AU
4531,Matthew Weatherspoon,1987-02-02,CHN
5179,Nicholas Jump,1999-09-30,UK
6260,Betty Ford,1987-03-17,CHN
3736,Stanley Dover,1994-12-01,BRZ
5095,Jeffrey Costello,1993-12-18,BRZ
1186,Joseph Leger,1988-08-28,UK
6685,Loretta Penland,1998-01-04,CHN
2098,Luz Dutton,1986-10-25,AU
7839,Joshua Levinson,1987-01-20,US
807,Clarence Irwin,1987-11-25,US
9407,Craig Rush,1998-03-15,CHN
7949,Eugene Leverett,1987-12-05,AU
4020,Adrienne Armenta,1995-11-02,US
7241,Hilda Livingston,1988-11-24,UK
477,Danny Chew,1996-07-01,AU
373,Allen Mark,1983-03-06,AU
5290,Gregory Madden,1984-06-02,BRZ
295,Tony Peyton,1995-12-08,CHN
811,Myra Derryberry,1999-06-09,AU
1533,Harriet Wyckoff,1987-06-07,CHN
9583,Michael Herzog,1999-03-06,BRZ
8143,Claire Crider,1995-12-03,UK
6850,Sue Meadows,1989-05-04,CHN
5296,June Littleton,1995-08-12,CHN
3349,Stanley Chipman,1984-09-20,UK
2899,Annette Dang,1987-09-05,CHN
7398,Roger Mallory,1987-04-07,BRZ
1011,Martha Huddleston,1992-10-26,US
3390,Dolores Dinsmore,1983-03-28,UK
7138,Shelia Roark,1999-01-04,US
3277,Ryan Mcbee,1996-06-21,UK
9216,Rachel Witkowski,1985-06-30,BRZ
2961,Marvin Mathes,1999-10-05,UK
1745,Emily Foss,1997-02-22,UK
3106,Darlene Cerda,1981-09-22,UK
10030,George Simms,1985-10-08,CHN
2189,Tiffany Chatman,1998-12-02,US
9699,Blanca Dupre,1980-02-06,CHN
4244,Kenneth Hupp,1991-02-18,CHN
3878,Christopher Lytle,1980-09-06,CHN
6281,Earl Coulombe,1998-06-24,AU
6245,Edward Hutchens,1997-08-08,AU
5961,Wendy Obrien,1991-03-25,AU
2556,Rosie Muncy,1994-12-12,BRZ
260,Hazel Constant,1980-06-10,US
2909,Judy Tice,1987-05-22,UK
5121,Janet Kile,1995-09-11,UK
6581,Larry Bannon,1988-07-17,CHN
5241,Jeremy Woodson,1989-01-09,UK
4769,Kristy Barney,1991-11-21,UK
6217,Leticia Mcginn,1988-06-24,AU
8938,Lola Woodland,1988-07-27,CHN
8688,Bessie Croteau,1984-05-27,AU
8869,Sarah Fitzsimmons,1984-07-17,UK
6259,Joann Reams,1982-07-19,US
558,Shelley Shows,1998-07-15,CHN
9189,Donald Maggio,1984-01-23,BRZ
5663,Tara Marriott,1992-10-07,CHN
4944,Martha Craver,1992-04-28,CHN
822,Edward Simard,1986-06-29,US
4420,James Dover,1986-08-14,BRZ
1106,Glenn Olinger,1987-12-14,US
2282,Iris Sorenson,1997-09-27,CHN
9314,Jose Schindler,1992-05-08,US
7152,Gerald Clarke,1986-06-29,UK
8304,June Burd,1981-07-11,AU
5655,Mattie Herrmann,1984-05-24,CHN
244,Regina Flowers,1996-03-12,UK
8804,Michael Coppola,1987-10-03,AU
3863,Antoinette Crowe,1982-09-08,BRZ
8944,Arthur Marchant,1989-05-09,CHN
8044,Arlene Lipscomb,1994-06-29,CHN
2689,Jeffery Payton,1987-09-20,US
9041,Glenn Cottrell,1994-08-13,BRZ
3017,Aaron Carrell,1992-07-27,US
1346,Aaron Clack,1995-09-08,US
8336,Lillian Hedges,1995-12-28,UK
5227,Ernest Swinney,1987-05-17,CHN
9427,Jeff Maxie,1984-11-22,US
4913,Heidi Twitty,1992-09-16,CHN
7848,Daniel Hagood,1982-12-17,US
8352,Mabel Hollins,1997-10-11,CHN
3694,Veronica Owsley,1994-01-06,US
9991,Linda Mayer,1992-01-24,UK
5502,Flora Olivarez,1984-04-04,CHN
2236,Nina Mong,1988-12-04,AU
3537,Suzanne Christian,1995-05-26,AU
4312,Caroline Barnett,1992-12-03,UK
1644,Stephen Engle,1980-11-05,AU
4958,Randy Watts,1988-11-27,UK
732,Daniel Creed,1997-12-21,US
3434,Brenda Messer,1997-10-15,CHN
6804,Bobby Alex,1996-11-06,CHN
3772,Douglas Friel,1994-06-25,BRZ
4690,Laura Thrash,1980-05-27,CHN
4134,Sharon Hartsell,1983-06-19,UK
5386,Ada Neely,1990-04-08,AU
1197,Naomi Godin,1994-05-04,CHN
5243,Ruby Wisniewski,1995-12-02,UK
8445,Mike Dang,1989-09-11,AU
9603,Jodi Roach,1991-06-02,BRZ
559,Mae Main,1981-02-02,BRZ
783,Priscilla Norvell,1999-10-06,UK
8881,Peter Longley,1997-05-29,CHN
2956,Keith Mahler,1980-03-01,AU
4896,Peggy Lacombe,1995-05-26,BRZ
330,Alice Maggard,1985-05-02,UK
4554,Peggy Davey,1991-01-09,US
8455,Keith Blankenship,1996-05-26,US
9493,Fred Hirst,1995-11-10,UK
4828,Caroline Harkness,1988-05-29,UK
1436,Veronica Mclendon,1998-07-06,CHN
9163,Marlene Solberg,1982-05-15,BRZ
4387,Lawrence Trump,1992-11-26,US
7605,Howard Bacon,1987-11-13,CHN
9929,Maryann Weekley,1986-05-20,UK
2319,Blanca Stallings,1994-04-19,BRZ
3424,Jacquelyn Wildman,1982-04-23,AU
4283,Debbie Tarango,1995-03-29,UK
6185,Annette Calton,1992-01-09,AU
1785,Bessie Hines,1984-01-22,BRZ
3076,Mark Hartnett,1988-11-29,US
4167,Rodney Granados,1993-02-13,CHN
8170,Eugene Maxwell,1981-01-09,AU
6114,Elizabeth Mojica,1998-03-01,UK
9457,Howard Holm,1989-03-16,US
7188,Walter Cosby,1981-06-30,US
1420,Thelma Brookshire,1989-07-16,UK
5215,Alison Killion,1997-10-26,AU
5330,Jesse Mars,1998-06-06,CHN
9839,Philip Patton,1986-04-11,UK
8374,Lucy Batchelder,1995-05-07,CHN
6398,Sandra Weatherford,1985-12-20,CHN
8038,Stanley Gwin,1993-11-06,CHN
6795,Tonya Dionne,1995-01-09,CHN
7810,Janie Butcher,1996-12-21,AU
9007,Judith Poling,1993-10-13,CHN
6516,Alan Hyatt,1980-01-01,BRZ
7717,Elizabeth Burchfield,1996-01-22,UK
9325,Debbie Reader,1983-04-02,BRZ
5183,Danny Myles,1995-04-28,AU
1110,Wayne Olney,1986-03-16,UK
9820,Sheri Schafer,1982-07-26,AU
7813,Viola Heinz,1992-04-01,BRZ
4009,Sonia Bingaman,1982-11-08,CHN
6163,Randy Huebner,1997-04-10,UK
1957,April Hazard,1997-08-02,BRZ
8129,Dennis Derryberry,1992-03-13,US
5164,Regina Camarena,1999-03-07,AU
4025,Craig Dickey,1989-06-08,UK
6351,Michele Gaskin,1996-06-19,US
7854,Paul Selman,1987-05-02,BRZ
3586,Phillip Derrick,1999-11-27,BRZ
9533,Kenneth Lazo,1999-08-01,AU
6028,Tina Doerr,1994-12-04,US
8209,Margaret Polite,1990-03-19,CHN
4322,Jacob Miner,1983-05-16,BRZ
9676,Kevin Gayton,1992-08-20,AU
1001,Jeannette Esposito,1998-04-27,BRZ
1666,Samuel Messer,1996-12-24,US
5674,Kristy Marker,1989-08-20,CHN
1784,Elsie Rodas,1994-01-02,BRZ
8174,Frank Hillyer,1985-04-30,US
474,Flora Archibald,1986-05-11,UK
368,Jo Carper,1991-05-20,US
6995,Louise Lawhorn,1989-03-29,UK
1381,Johnny Fitzpatrick,1982-10-02,BRZ
9593,Willie Klug,1984-12-26,BRZ
8655,Willie Mccutcheon,1998-01-22,BRZ
4058,Todd Hambrick,1992-12-26,UK
3358,Jeffrey Dozier,1985-11-10,AU
5943,Thomas Calvin,1996-11-01,UK
3541,Andrew Hatchett,1995-04-26,AU
7621,Kevin Raby,1997-11-20,BRZ
3270,Eugene Spinelli,1983-07-11,CHN
8295,Bryan Dunton,1988-12-02,UK
6186,Caroline Turpin,1992-05-19,BRZ
3133,Norma Trader,1992-02-22,AU
3046,Randy Desmond,1988-09-07,US
233,Tina Carreon,1990-10-29,CHN
7711,Marianne Brunson,1990-05-18,US
4688,Marilyn Resnick,1987-01-25,AU
1744,Samuel Dodd,1988-08-12,CHN
7799,Alison Lacroix,1984-09-25,US
839,Alberta Higley,1996-11-10,US
8473,Mildred Fricke,1997-03-15,UK
2754,Jimmy Bertram,1992-10-19,UK
5845,Billy Parnell,1986-11-18,AU
1871,Alan Watanabe,1992-04-19,US
8299,Jeff Joy,1980-05-20,US
9916,Billy Snyder,1980-09-14,US
2252,Paul Vanburen,1980-12-07,UK
1313,Molly Toscano,1999-12-16,UK
1191,Olivia Shorter,1986-01-18,CHN
6542,Aaron Caceres,1991-05-01,CHN
1639,Kristy Kovacs,1997-09-14,AU
4203,Marian Cash,1992-07-21,BRZ
735,Roberta Mcandrew,1993-10-23,CHN
2594,Fred Bessette,1999-06-23,UK
169,Douglas Gurney,1995-12-16,AU
7554,Juan Stump,1993-04-24,CHN
4100,Marguerite Sadler,1985-09-20,UK
194,Manuel Purnell,1987-11-11,AU
1558,Manuel Delvalle,1998-03-13,US
2061,Marlene Kiefer,1999-06-12,CHN
8051,Eric Mach,1991-04-03,BRZ
1793,Maryann Beaton,1989-09-17,AU
2732,Stephanie Comstock,1983-12-10,UK
3622,David Burkhardt,1985-04-29,BRZ
6488,Martin Power,1994-09-10,UK
10040,Scott Rabideau,1996-12-19,CHN
1738,Margaret Lasalle,1983-04-17,BRZ
8171,Inez Oliveira,1983-01-25,US
4699,Jacob Wilke,1991-01-03,US
5574,Carole Shaw,1992-09-26,US
5082,Angie Headley,1981-10-22,US
3213,Mattie Lovell,1998-11-28,US
4738,Jerry Wilson,1989-07-26,BRZ
1198,Jason Gulley,1985-01-18,AU
946,Anthony Cockerham,1985-11-17,CHN
2092,Vivian Hudgins,1981-04-18,BRZ
2316,Phillip Shipman,1980-07-24,US
5107,Rhonda Batts,1988-08-22,AU
9687,Jerry Harvey,1988-02-21,AU
9490,Lola Payton,1998-05-15,CHN
2055,Sherry Adkins,1985-04-18,US
4790,William Savoie,1994-08-13,CHN
5176,Ethel Mcalpin,1987-02-04,UK
3987,David Jolley,1992-01-02,UK
9507,Elaine Carnahan,1984-04-27,UK
7582,Jacquelyn Cosgrove,1986-08-13,CHN
8568,Martin Conway,1996-10-03,UK
2099,Henry Bohannon,1989-04-10,UK
2735,Randy Shine,1986-01-01,UK
8744,Kristy Jiminez,1982-11-04,AU
8789,Laura Rios,1999-07-15,CHN
7962,Jennifer Radcliffe,1983-05-20,UK
1231,Carlos Rosa,1996-02-21,BRZ
5039,Viola Lepore,1980-09-16,CHN
5738,Lena Rollins,1992-08-15,BRZ
406,Randy Amador,1983-12-22,AU
5575,Frank Himes,1980-12-08,AU
1169,Candace Mccown,1990-05-02,US
3504,Samuel Mcalister,1982-04-04,AU
7715,Russell Gallego,1990-06-15,AU
5804,Sandra Rainey,1998-07-23,CHN
513,Andrew Light,1980-01-16,US
151,Joanna Froehlich,1980-11-15,BRZ
7314,Latoya Wetmore,1997-01-19,BRZ
3928,Blanche Mills,1985-11-28,BRZ
417,Shelley Ham,1986-05-13,US
845,Peter Scheer,1986-11-06,UK
8128,Edward Wicker,1993-02-13,UK
4895,Carlos Diep,1986-02-15,AU
3652,Billy Sullivan,1986-01-13,UK
2195,Allison Stubbs,1987-07-10,BRZ
4437,Daniel Eady,1998-07-27,BRZ
6754,Olivia Browning,1994-09-30,UK
7973,George Lugo,1981-08-25,US
6882,Leticia Mchugh,1995-07-20,BRZ
2059,Joe Mcleod,1997-04-15,BRZ
9274,Kristy Bidwell,1982-04-21,UK
9542,Jimmy Shults,1980-08-18,UK
9522,Ryan Stitt,1998-11-12,UK
8396,Eugene Gillespie,1999-06-04,UK
3833,Peter Paschall,1983-08-08,CHN
1623,Patsy Kennedy,1981-11-20,UK
7939,Henry Dillion,1984-12-21,CHN
5854,Nathan Otte,1989-01-26,US
7693,Jessica Sowder,1989-09-04,BRZ
3734,Jacqueline John,1981-11-08,CHN
4405,Denise Page,1993-10-25,CHN
7867,Dorothy Hamm,1997-04-20,CHN
8950,Lillie Brockway,1987-10-18,US
4847,Pearl Hardcastle,1988-02-15,UK
9745,Katrina Mckinley,1993-06-16,CHN
8907,Jonathan Cross,1983-08-07,BRZ
5679,Anthony Underwood,1989-03-12,BRZ
1037,Raymond Fussell,1991-12-03,BRZ
678,Jennifer Craver,1983-07-25,BRZ
1549,Grace Dunham,1985-12-25,US
6587,Priscilla Wetzel,1993-04-19,CHN
4546,Megan Pitchford,1996-07-12,US
722,Beatrice Lehr,1989-06-29,CHN
974,Edward Bare,1992-09-15,US
8838,Kristine Crampton,1992-03-04,US
10085,Eugene Begin,1984-07-03,AU
2549,Priscilla Spielman,1996-06-25,US
7612,Joe Naquin,1988-05-16,UK
5862,Kristen Calhoun,1994-09-18,US
5834,Lawrence Delagarza,1988-06-26,UK
1059,Roberta Badger,1987-12-30,CHN
687,Kay Holt,1999-10-28,CHN
5839,Mildred Leffler,1981-08-04,UK
8713,Elizabeth Lapierre,1991-02-17,BRZ
7742,Willie Cullen,1989-09-25,US
7890,Jennifer Jaworski,1991-09-21,BRZ
2424,Jesse Mcginley,1991-04-11,BRZ
6249,Carl Sievers,1980-11-02,CHN
5876,Harold Gay,1986-05-02,US
3632,Edward Newsome,1994-08-09,BRZ
9843,Velma Krick,1992-03-09,CHN
7577,Samuel Vermillion,1996-09-13,AU
3549,Jeremy Tedesco,1989-06-07,AU
5739,Ramona Coffin,1986-11-09,UK
2276,Cassandra Manson,1992-03-03,CHN
5901,Aaron Brothers,1996-11-18,US
4196,Krista Valle,1984-09-22,AU
681,Megan Matherne,1999-02-14,AU
6660,Adam Ransom,1998-01-22,CHN
6727,Ralph Kitchens,1994-04-17,UK
4786,Lucille Edmondson,1998-12-15,UK
8617,Crystal Lodge,1991-08-16,UK
2576,Ethel Helman,1990-04-29,BRZ
7862,Steve Ellingson,1989-05-31,BRZ
6283,Russell Samson,1999-09-29,CHN
6766,Juan Bronson,1982-11-04,CHN
5002,Glenn Etter,1981-08-20,US
9019,Nicholas Rickard,1984-03-19,US
5287,Jerry Oleary,1993-08-06,BRZ
7851,Willie Schafer,1994-04-27,US
9420,Allison Main,1988-09-21,CHN
3171,Louis Koester,1985-01-30,UK
1937,Carl Mcintosh,1999-08-17,CHN
1567,Agnes Dilley,1982-07-18,AU
958,Antonio Slusher,1981-04-17,CHN
5582,Kenneth Lightfoot,1986-08-22,US
9961,Lorraine Childers,1984-01-10,UK
8441,Allison Aragon,1994-12-28,UK
5602,Albert Saucedo,1988-06-01,BRZ
7119,Eugene Giese,1990-09-20,AU
389,Johnny Kuhlman,1981-01-01,CHN
9429,Latoya Testa,1984-07-15,BRZ
3279,Richard Stern,1980-10-02,UK
8654,Alice Whitcomb,1991-11-13,BRZ
3794,Earl Olinger,1986-04-30,CHN
8872,Jonathan Mcclung,1995-10-15,BRZ
7984,Debbie Blackwell,1989-07-26,US
7175,Bernice Stephens,1982-10-05,CHN
7354,Jonathan Doyle,1986-02-08,US
7404,John Paulus,1993-07-09,US
10090,Velma Goad,1982-05-21,AU
8855,Jeffery Dunson,1980-11-15,UK
1237,Luz Peek,1985-04-29,US
6665,Martin Schafer,1982-11-01,BRZ
5423,Anthony Blanchette,1992-06-02,UK
5984,Rosie Weidner,1983-07-25,UK
9160,Victor Fowler,1998-10-19,BRZ
1040,Linda Dudley,1996-10-28,UK
4238,Luis Gusman,1980-10-03,BRZ
2431,Clarence Spina,1993-09-23,AU
3280,Anthony Hartsfield,1991-10-16,BRZ
2384,Harold Bridge,1985-06-27,UK
4594,Naomi Jefferson,1999-01-08,US
9392,Wayne Yun,1990-01-15,AU
9545,Bruce Felts,1998-12-08,UK
9017,Ralph Claypool,1981-01-25,UK
7148,Caroline Thorp,1980-01-17,US
7543,James Grossman,1992-03-16,CHN
1737,Constance Patterson,1997-04-01,CHN
138,Marie Oxendine,1989-05-06,CHN
9846,Misty Budde,1982-09-04,UK
7623,Edna Marshall,1983-02-02,US
7442,Sabrina Huebner,1984-04-19,US
7403,William Ferris,1994-04-28,CHN
8940,Darlene Winton,1980-04-23,CHN
6313,Antonio Solano,1989-06-04,AU
1044,Violet Rea,1986-11-05,AU
1316,Phillip Buckingham,1993-03-19,UK
9070,Evelyn Mahaffey,1988-08-28,AU
6787,Wanda Simon,1997-03-18,CHN
2522,Matthew Lord,1995-07-21,UK
8996,Russell Loftin,1999-12-11,AU
1402,Travis Mortenson,1981-02-14,UK
7635,Chris Kearse,1993-09-03,AU
5,Gerald Mosier,1987-04-10,BRZ
9518,Alison Hartmann,1985-08-20,US
1422,Loretta Stricker,1989-04-06,US
6335,Stella Fudge,1995-08-02,AU
3556,Peggy Silvas,1997-01-07,AU
5124,Ruth Taft,1996-02-09,US
9534,Travis Mccurdy,1997-11-01,AU
5096,Grace Garrity,1981-12-27,US
1241,Louis Xiong,1995-02-21,BRZ
15,Kristen Gustin,1993-07-07,CHN
6841,Betty Farrington,1984-01-08,UK
4262,Jeremy Boling,1996-01-24,US
5920,Lydia Oden,1998-05-10,BRZ
5411,Anne Hamel,1991-05-17,AU
9051,Cathy Rittenhouse,1981-03-31,CHN
4805,Adam Cowart,1999-03-30,CHN
9623,Jacob Monaghan,1996-07-08,AU
1960,Dennis Mcfadden,1989-12-14,CHN
7963,Adam Caston,1985-04-11,CHN
1799,Renee Dupree,1986-11-02,US
5639,Christopher Case,1990-02-16,CHN
8971,Maggie Dillow,1999-06-14,CHN
3318,Glenn Sheets,1995-12-01,AU
1534,Jimmy Reavis,1991-10-08,BRZ
6507,Randy Towne,1982-12-08,BRZ
9981,Craig Kirk,1983-05-28,US
493,Roy Hackler,1992-06-25,CHN
4273,Willie Finney,1994-11-11,CHN
9677,Peter Weidman,1986-08-25,CHN
5873,Maggie Dulaney,1999-04-14,CHN
3042,Catherine Cottrell,1982-07-05,UK
1396,Roy Mcdougall,1988-10-21,AU
2597,Peter Marion,1983-10-21,AU
3186,Louis Beggs,1993-06-14,US
4767,Louise Yang,1986-09-19,US
8345,Iris Harbin,1982-12-08,CHN
6687,Jesse Oaks,1997-04-20,UK
3605,Rose Fell,1984-08-24,AU
9322,Cheryl Zito,1983-05-20,BRZ
4587,Jonathan Mclendon,1995-06-22,BRZ
472,Paul Harrigan,1983-09-17,BRZ
1177,Sue Schlosser,1983-06-07,CHN
7901,Glenda Seiber,1990-10-20,US
9138,Larry Stricklin,1992-03-20,US
8332,Bertha Pumphrey,1983-09-15,BRZ
5690,Eva Caruso,1986-12-08,BRZ
6520,Marilyn Coomer,1989-06-11,CHN
1671,Jimmy Olivera,1992-05-04,UK
6427,Daniel Bostic,1998-11-14,US
1987,Tony Salvador,1998-05-03,BRZ
8217,Cindy Hair,1987-12-11,CHN
740,Blanca Renfroe,1989-04-25,BRZ
5127,Shelley Boring,1995-11-09,BRZ
3574,Gary Jimerson,1980-07-18,AU
4695,Elsie Stansberry,1984-12-13,UK
5540,Candace Prior,1992-09-13,UK
6011,Manuel Stump,1994-05-19,UK
7092,Mike Holton,1993-05-10,UK
82,Gregory Moreira,1988-03-15,AU
8154,Molly Hazzard,1984-05-21,US
4849,Jacqueline Manning,1984-05-17,UK
2481,Terry Erickson,1982-07-15,CHN
1017,Tony Maki,1994-07-21,AU
4049,Denise Eggert,1989-05-09,UK
9460,Joy Revis,1986-03-14,BRZ
2374,Veronica Clifton,1997-04-01,BRZ
3781,Marie Benner,1995-01-16,AU
8891,Martha Sepulveda,1992-07-27,UK
4583,Crystal Arriola,1981-01-18,US
8984,Roger Hartfield,1992-02-22,BRZ
8564,Jonathan Chasteen,1982-07-29,UK
5308,Delores Tan,1985-02-17,AU
4342,Joe Fannin,1986-11-24,AU
3564,Ryan Wargo,1998-06-11,AU
23,Joanna Bibb,1981-03-14,US
7613,Douglas Lemay,1996-02-29,UK
872,Megan Lancaster,1992-10-30,CHN
536,David Malcolm,1993-11-19,US
4305,Antonio Bowden,1997-02-01,UK
8788,Joshua Serrato,1998-11-24,BRZ
2585,Kathleen Robichaud,1994-09-02,BRZ
5400,Ethel Waters,1988-08-22,BRZ
2075,Jerry Thies,1987-07-26,AU
2663,Lisa Brent,1989-01-09,UK
1925,Roger Moncrief,1997-05-02,CHN
2443,Alma Lafountain,1994-05-27,AU
6678,Sally Trombley,1999-12-17,US
9990,Jason Cerda,1987-01-03,UK
806,Vickie Corbitt,1992-01-27,AU
122,Gina Gruber,1996-09-09,BRZ
3502,Bryan Poulin,1980-08-09,AU
2771,Richard Gorton,1996-10-17,US
3031,Virginia Barth,1980-01-12,AU
26,Dorothy Morales,1997-01-19,UK
10048,Luz Yoo,1996-09-12,AU
10086,Patrick Montemayor,1993-07-25,CHN
8905,Terry Quintero,1987-02-12,BRZ
6513,Wayne Mahan,1993-12-07,UK
2439,Eugene Kramer,1986-12-27,AU
2667,Gary Headrick,1996-01-19,UK
8901,Jeff Palmieri,1983-01-02,BRZ
1031,Todd Eden,1986-04-14,AU
7346,Sarah Glasper,1991-10-11,BRZ
9200,Nora Hoffer,1991-07-06,US
5996,Cecilia Dufresne,1997-02-19,BRZ
8355,Sabrina Matteson,1997-12-26,BRZ
8245,Martin Chu,1984-07-17,CHN
10072,Donald Toomey,1981-02-06,UK
9856,William Sparrow,1992-11-30,CHN
9563,Matthew Henke,1993-06-24,CHN
3250,Laura Healey,1986-05-27,UK
8084,Delores Culler,1987-03-02,AU
8461,Wayne Silverman,1998-04-21,BRZ
2905,Ralph Kight,1981-09-02,BRZ
9757,Loretta Tardif,1991-03-24,UK
4728,Mike Mcvay,1992-05-16,CHN
3179,Victor Beverly,1989-02-01,US
1275,Vincent Monger,1990-07-23,US
8550,Jeanette Willett,1991-09-04,UK
3877,Dawn Jewett,1988-03-11,BRZ
6670,Johnny Teran,1995-04-21,AU
5728,Shelly Normand,1992-04-26,AU
478,Steve Rutledge,1998-06-26,UK
3731,Delores Stroud,1993-08-07,AU
5337,Renee Rubin,1995-06-25,BRZ
6606,Josephine Frazier,1993-10-31,BRZ
8036,Katie Manzano,1998-03-29,US
7588,Jeremy Sawyer,1982-07-07,UK
2071,Russell Tucci,1998-06-17,US
5588,Lillian New,1999-03-23,CHN
3170,David Klug,1997-01-08,US
7503,Juana Farley,1986-01-05,BRZ
7280,Jimmy More,1999-12-09,UK
2528,Glenda Weddle,1985-02-16,AU
6066,Belinda Humes,1989-02-18,BRZ
8344,James Evangelista,1983-03-13,BRZ
3381,Manuel Mix,1991-07-17,BRZ
